run,story,regex_on_decoded_url_path,keyword_urls,assigned_keyword_urls,unassigned_keyword_urls,best_cluster,best_matches,best_cluster_articles,best_recall,best_keyword_purity,elsewhere_not_in_best,clusters_with_matches
event-support-1-components,crash_grounding,ethiopian|boeing|737,29411,26034,3377,4518,14298,146033,0.48614463976063377,0.097909376647744,11736,4416
event-support-1-components,christchurch,christchurch|mosque,14239,12621,1618,4518,8595,146033,0.6036238499894655,0.05885655981867112,4026,2004
event-support-1-components,idai,idai|cyclone|mozambique,2283,1901,382,114488,341,341,0.14936487078405605,1.0,1560,366
event-support-1-components,brexit,brexit,16961,14945,2016,4518,9257,146033,0.545781498732386,0.0633897817616566,5688,2537
event-support-1-louvain,crash_grounding,ethiopian|boeing|737,29411,26034,3377,4967,2265,2901,0.07701200231206011,0.7807652533609101,23769,4651
event-support-1-louvain,christchurch,christchurch|mosque,14239,12621,1618,122643,1612,3923,0.11321019734531919,0.41091001784348713,11009,2094
event-support-1-louvain,idai,idai|cyclone|mozambique,2283,1901,382,114753,341,341,0.14936487078405605,1.0,1560,380
event-support-1-louvain,brexit,brexit,16961,14945,2016,20566,1856,3484,0.1094275101703909,0.5327210103329506,13089,2680
event-support-1-leiden,crash_grounding,ethiopian|boeing|737,29411,26034,3377,4964,2265,2901,0.07701200231206011,0.7807652533609101,23769,4658
event-support-1-leiden,christchurch,christchurch|mosque,14239,12621,1618,122643,1614,3932,0.11335065664723647,0.4104781281790437,11007,2091
event-support-1-leiden,idai,idai|cyclone|mozambique,2283,1901,382,114752,341,341,0.14936487078405605,1.0,1560,380
event-support-1-leiden,brexit,brexit,16961,14945,2016,45324,1643,3310,0.09686928836743117,0.4963746223564955,13302,2673
event-support-2-components,crash_grounding,ethiopian|boeing|737,29411,26034,3377,10339,2174,2593,0.07391792186596852,0.8384111068260702,23860,15534
event-support-2-components,christchurch,christchurch|mosque,14239,12621,1618,361590,3205,7111,0.22508603132242433,0.45071016734636477,9416,9598
event-support-2-components,idai,idai|cyclone|mozambique,2283,1901,382,363807,341,341,0.14936487078405605,1.0,1560,831
event-support-2-components,brexit,brexit,16961,14945,2016,135527,2013,6474,0.11868403985614055,0.3109360518999073,12932,11411
event-support-2-louvain,crash_grounding,ethiopian|boeing|737,29411,26034,3377,10339,2109,2500,0.07170786440447452,0.8436,23925,15566
event-support-2-louvain,christchurch,christchurch|mosque,14239,12621,1618,361621,1528,2191,0.10731090666479387,0.6973984481971702,11093,9612
event-support-2-louvain,idai,idai|cyclone|mozambique,2283,1901,382,363838,341,341,0.14936487078405605,1.0,1560,831
event-support-2-louvain,brexit,brexit,16961,14945,2016,135536,1411,2183,0.08319084959613231,0.6463582226294091,13534,11430
event-support-2-leiden,crash_grounding,ethiopian|boeing|737,29411,26034,3377,10339,2174,2593,0.07391792186596852,0.8384111068260702,23860,15564
event-support-2-leiden,christchurch,christchurch|mosque,14239,12621,1618,361620,1528,2191,0.10731090666479387,0.6973984481971702,11093,9611
event-support-2-leiden,idai,idai|cyclone|mozambique,2283,1901,382,363837,341,341,0.14936487078405605,1.0,1560,832
event-support-2-leiden,brexit,brexit,16961,14945,2016,135535,1411,2183,0.08319084959613231,0.6463582226294091,13534,11429
article-event_score-0.3-leiden,crash_grounding,ethiopian|boeing|737,29411,26034,3377,58,2237,2671,0.07605997755941654,0.8375140396855111,23797,3897
article-event_score-0.3-leiden,christchurch,christchurch|mosque,14239,12621,1618,65,3671,6076,0.2578130486691481,0.6041803818301514,8950,1714
article-event_score-0.3-leiden,idai,idai|cyclone|mozambique,2283,1901,382,42794,341,341,0.14936487078405605,1.0,1560,366
article-event_score-0.3-leiden,brexit,brexit,16961,14945,2016,144,1224,2924,0.07216555627616296,0.4186046511627907,13721,2256
article-url_score-0.3-leiden,crash_grounding,ethiopian|boeing|737,29411,26034,3377,19,8177,15503,0.27802522865594503,0.5274463007159904,17857,800
article-url_score-0.3-leiden,christchurch,christchurch|mosque,14239,12621,1618,10,3278,14046,0.23021279584240467,0.2333760501210309,9343,392
article-url_score-0.3-leiden,idai,idai|cyclone|mozambique,2283,1901,382,55,932,4272,0.4082347787998248,0.21816479400749064,969,63
article-url_score-0.3-leiden,brexit,brexit,16961,14945,2016,38,8406,19399,0.49560757030835445,0.43332130522191864,6539,324
article-combined-0.15-leiden,crash_grounding,ethiopian|boeing|737,29411,26034,3377,20,11268,25465,0.38312196117099045,0.4424896917337522,14766,297
article-combined-0.15-leiden,christchurch,christchurch|mosque,14239,12621,1618,23,6184,20213,0.4343001615281972,0.30594172067481323,6437,171
article-combined-0.15-leiden,idai,idai|cyclone|mozambique,2283,1901,382,82,957,4992,0.4191852825229961,0.19170673076923078,944,52
article-combined-0.15-leiden,brexit,brexit,16961,14945,2016,12,10279,23950,0.6060373798714699,0.42918580375782883,4666,177
article-combined-0.3-leiden,crash_grounding,ethiopian|boeing|737,29411,26034,3377,12,4408,5696,0.14987589677331611,0.773876404494382,21626,2497
article-combined-0.3-leiden,christchurch,christchurch|mosque,14239,12621,1618,34,3926,6854,0.2757216096636,0.5728042019258827,8695,1539
article-combined-0.3-leiden,idai,idai|cyclone|mozambique,2283,1901,382,234,483,513,0.21156373193166886,0.9415204678362573,1418,191
article-combined-0.3-leiden,brexit,brexit,16961,14945,2016,97,5023,6819,0.29614999115618185,0.7366182724739698,9922,2171
article-combined-0.45-leiden,crash_grounding,ethiopian|boeing|737,29411,26034,3377,26,1977,2361,0.06721974771344055,0.8373570520965693,24057,5017
article-combined-0.45-leiden,christchurch,christchurch|mosque,14239,12621,1618,27,1573,1895,0.11047124095793244,0.8300791556728232,11048,3065
article-combined-0.45-leiden,idai,idai|cyclone|mozambique,2283,1901,382,50585,342,342,0.1498028909329829,1.0,1559,328
article-combined-0.45-leiden,brexit,brexit,16961,14945,2016,95,1409,1694,0.08307293202051766,0.8317591499409681,13536,3907
article-combined-0.3-louvain,crash_grounding,ethiopian|boeing|737,29411,26034,3377,11,6357,8318,0.21614361973411308,0.7642462130319788,19677,2518
article-combined-0.3-louvain,christchurch,christchurch|mosque,14239,12621,1618,28,3524,5753,0.2474892899782288,0.612549973926647,9097,1538
article-combined-0.3-louvain,idai,idai|cyclone|mozambique,2283,1901,382,209,491,523,0.21506789312308366,0.9388145315487572,1410,191
article-combined-0.3-louvain,brexit,brexit,16961,14945,2016,81,4817,6802,0.28400448086787333,0.7081740664510439,10128,2174
article-combined-0.3-components,crash_grounding,ethiopian|boeing|737,29411,26034,3377,0,21234,337292,0.721974771344055,0.06295435409081745,4800,2258
article-combined-0.3-components,christchurch,christchurch|mosque,14239,12621,1618,0,10036,337292,0.7048247770208582,0.029754633967007817,2585,1401
article-combined-0.3-components,idai,idai|cyclone|mozambique,2283,1901,382,0,1102,337292,0.4826982041173894,0.0032671987476726397,799,168
article-combined-0.3-components,brexit,brexit,16961,14945,2016,0,10601,337292,0.6250221095454277,0.03142974040297428,4344,2026
