run,story,unit,all_matching_units,assigned_matching_units,clusters_with_matches,best_cluster,best_matches,best_cluster_size,best_match_fraction,best_keyword_purity,top5_union_match_fraction
event-support-1-components,crash_grounding,url,29411,26034,4416,4518,14298,146033,0.48614463976063377,0.097909376647744,0.5180374689741933
event-support-1-components,crash_grounding,canonical_any_matching_alias,19238,16949,4416,4518,8652,99234,0.4497348996777212,0.08718785899993954,0.48726478843954674
event-support-1-components,christchurch,url,14239,12621,2004,4518,8595,146033,0.6036238499894655,0.05885655981867112,0.6884612683474963
event-support-1-components,christchurch,canonical_any_matching_alias,9171,8039,2004,4518,5028,99234,0.5482499182204776,0.050668117782211745,0.6253407480100316
event-support-1-components,idai,url,2283,1901,366,114488,341,341,0.14936487078405605,1.0,0.3731931668856767
event-support-1-components,idai,canonical_any_matching_alias,1467,1317,366,114488,341,341,0.23244717109747784,1.0,0.36946148602590323
event-support-1-components,brexit,url,16961,14945,2537,4518,9257,146033,0.545781498732386,0.0633897817616566,0.581038853841165
event-support-1-components,brexit,canonical_any_matching_alias,10183,9062,2537,4518,5364,99234,0.5267602867524305,0.05405405405405406,0.5547481095944221
event-support-1-components,idai_specific,url,339,325,112,159492,75,89,0.22123893805309736,0.8426966292134831,0.4247787610619469
event-support-1-components,idai_specific,canonical_any_matching_alias,281,267,112,159492,47,58,0.16725978647686832,0.8103448275862069,0.36298932384341637
event-support-1-louvain,crash_grounding,url,29411,26034,4651,4967,2265,2901,0.07701200231206011,0.7807652533609101,0.24293631634422494
event-support-1-louvain,crash_grounding,canonical_any_matching_alias,19238,16949,4651,4967,1417,1868,0.0736563052292338,0.7585653104925053,0.2200332674914232
event-support-1-louvain,christchurch,url,14239,12621,2094,122643,1612,3923,0.11321019734531919,0.41091001784348713,0.33225647868530095
event-support-1-louvain,christchurch,canonical_any_matching_alias,9171,8039,2094,122643,919,2605,0.10020717479009923,0.3527831094049904,0.2957147530258423
event-support-1-louvain,idai,url,2283,1901,380,114753,341,341,0.14936487078405605,1.0,0.3066141042487954
event-support-1-louvain,idai,canonical_any_matching_alias,1467,1317,380,114753,341,341,0.23244717109747784,1.0,0.3428766189502386
event-support-1-louvain,brexit,url,16961,14945,2680,20566,1856,3484,0.1094275101703909,0.5327210103329506,0.33877719474087614
event-support-1-louvain,brexit,canonical_any_matching_alias,10183,9062,2680,20566,1110,2218,0.10900520475301974,0.5004508566275925,0.3293724835510164
event-support-1-louvain,idai_specific,url,339,325,112,159841,75,89,0.22123893805309736,0.8426966292134831,0.4247787610619469
event-support-1-louvain,idai_specific,canonical_any_matching_alias,281,267,112,159841,47,58,0.16725978647686832,0.8103448275862069,0.36298932384341637
event-support-1-leiden,crash_grounding,url,29411,26034,4658,4964,2265,2901,0.07701200231206011,0.7807652533609101,0.24055625446261603
event-support-1-leiden,crash_grounding,canonical_any_matching_alias,19238,16949,4658,4964,1417,1868,0.0736563052292338,0.7585653104925053,0.221072876598399
event-support-1-leiden,christchurch,url,14239,12621,2091,122643,1614,3932,0.11335065664723647,0.4104781281790437,0.3319755600814664
event-support-1-leiden,christchurch,canonical_any_matching_alias,9171,8039,2091,122643,920,2613,0.10031621415330934,0.3520857252200536,0.3008396030967179
event-support-1-leiden,idai,url,2283,1901,380,114752,341,341,0.14936487078405605,1.0,0.3066141042487954
event-support-1-leiden,idai,canonical_any_matching_alias,1467,1317,380,114752,341,341,0.23244717109747784,1.0,0.3428766189502386
event-support-1-leiden,brexit,url,16961,14945,2673,45324,1643,3310,0.09686928836743117,0.4963746223564955,0.3049348505394729
event-support-1-leiden,brexit,canonical_any_matching_alias,10183,9062,2673,45324,916,2116,0.08995384464303251,0.43289224952741023,0.297947559658254
event-support-1-leiden,idai_specific,url,339,325,112,159840,75,89,0.22123893805309736,0.8426966292134831,0.4247787610619469
event-support-1-leiden,idai_specific,canonical_any_matching_alias,281,267,112,159840,47,58,0.16725978647686832,0.8103448275862069,0.36298932384341637
event-support-2-components,crash_grounding,url,29411,26034,15534,10339,2174,2593,0.07391792186596852,0.8384111068260702,0.2585087212267519
event-support-2-components,crash_grounding,canonical_any_matching_alias,19238,16949,15534,10339,1340,1652,0.06965381016737707,0.8111380145278451,0.22798627715978792
event-support-2-components,christchurch,url,14239,12621,9598,361590,3205,7111,0.22508603132242433,0.45071016734636477,0.4747524404803708
event-support-2-components,christchurch,canonical_any_matching_alias,9171,8039,9598,361590,1762,4528,0.19212735797622943,0.38913427561837455,0.4228546505288409
event-support-2-components,idai,url,2283,1901,831,363807,341,341,0.14936487078405605,1.0,0.2943495400788436
event-support-2-components,idai,canonical_any_matching_alias,1467,1317,831,363807,341,341,0.23244717109747784,1.0,0.33537832310838445
event-support-2-components,brexit,url,16961,14945,11411,135527,2013,6474,0.11868403985614055,0.3109360518999073,0.35675962502210956
event-support-2-components,brexit,canonical_any_matching_alias,10183,9062,11411,135527,1152,3816,0.1131297260139448,0.3018867924528302,0.3368359029755475
event-support-2-components,idai_specific,url,339,325,246,515999,75,89,0.22123893805309736,0.8426966292134831,0.41297935103244837
event-support-2-components,idai_specific,canonical_any_matching_alias,281,267,246,515999,47,58,0.16725978647686832,0.8103448275862069,0.3487544483985765
event-support-2-louvain,crash_grounding,url,29411,26034,15566,10339,2109,2500,0.07170786440447452,0.8436,0.21529359763353847
event-support-2-louvain,crash_grounding,canonical_any_matching_alias,19238,16949,15566,10339,1284,1575,0.0667429046678449,0.8152380952380952,0.18822122881796444
event-support-2-louvain,christchurch,url,14239,12621,9612,361621,1528,2191,0.10731090666479387,0.6973984481971702,0.301285202612543
event-support-2-louvain,christchurch,canonical_any_matching_alias,9171,8039,9612,361621,878,1458,0.09573656089848435,0.6021947873799726,0.28939046995965545
event-support-2-louvain,idai,url,2283,1901,831,363838,341,341,0.14936487078405605,1.0,0.2943495400788436
event-support-2-louvain,idai,canonical_any_matching_alias,1467,1317,831,363838,341,341,0.23244717109747784,1.0,0.33537832310838445
event-support-2-louvain,brexit,url,16961,14945,11430,135536,1411,2183,0.08319084959613231,0.6463582226294091,0.21744000943340605
event-support-2-louvain,brexit,canonical_any_matching_alias,10183,9062,11430,135536,828,1431,0.08131199057252284,0.5786163522012578,0.20946675832269468
event-support-2-louvain,idai_specific,url,339,325,246,516042,75,89,0.22123893805309736,0.8426966292134831,0.41297935103244837
event-support-2-louvain,idai_specific,canonical_any_matching_alias,281,267,246,516042,47,58,0.16725978647686832,0.8103448275862069,0.3487544483985765
event-support-2-leiden,crash_grounding,url,29411,26034,15564,10339,2174,2593,0.07391792186596852,0.8384111068260702,0.21750365509503247
event-support-2-leiden,crash_grounding,canonical_any_matching_alias,19238,16949,15564,10339,1340,1652,0.06965381016737707,0.8111380145278451,0.19113213431749662
event-support-2-leiden,christchurch,url,14239,12621,9611,361620,1528,2191,0.10731090666479387,0.6973984481971702,0.30198749912212935
event-support-2-leiden,christchurch,canonical_any_matching_alias,9171,8039,9611,361620,878,1458,0.09573656089848435,0.6021947873799726,0.2911350997710173
event-support-2-leiden,idai,url,2283,1901,832,363837,341,341,0.14936487078405605,1.0,0.2943495400788436
event-support-2-leiden,idai,canonical_any_matching_alias,1467,1317,832,363837,341,341,0.23244717109747784,1.0,0.33537832310838445
event-support-2-leiden,brexit,url,16961,14945,11429,135535,1411,2183,0.08319084959613231,0.6463582226294091,0.21225163610636166
event-support-2-leiden,brexit,canonical_any_matching_alias,10183,9062,11429,135535,828,1431,0.08131199057252284,0.5786163522012578,0.20514583128743985
event-support-2-leiden,idai_specific,url,339,325,246,516040,75,89,0.22123893805309736,0.8426966292134831,0.41297935103244837
event-support-2-leiden,idai_specific,canonical_any_matching_alias,281,267,246,516040,47,58,0.16725978647686832,0.8103448275862069,0.3487544483985765
article-event_score-0.3-leiden,crash_grounding,url,29411,26034,3897,58,2237,2671,0.07605997755941654,0.8375140396855111,0.18734487096664512
article-event_score-0.3-leiden,crash_grounding,canonical_any_matching_alias,19238,16949,3897,58,1431,1754,0.07438403160411686,0.8158494868871151,0.18494646013099075
article-event_score-0.3-leiden,christchurch,url,14239,12621,1714,65,3671,6076,0.2578130486691481,0.6041803818301514,0.5250368705667533
article-event_score-0.3-leiden,christchurch,canonical_any_matching_alias,9171,8039,1714,65,2212,4011,0.2411950714207829,0.5514834205933682,0.4940573547050485
article-event_score-0.3-leiden,idai,url,2283,1901,366,42794,341,341,0.14936487078405605,1.0,0.29610162067455104
article-event_score-0.3-leiden,idai,canonical_any_matching_alias,1467,1317,366,42794,341,341,0.23244717109747784,1.0,0.3340149965916837
article-event_score-0.3-leiden,brexit,url,16961,14945,2256,144,1224,2924,0.07216555627616296,0.4186046511627907,0.29155120570721066
article-event_score-0.3-leiden,brexit,canonical_any_matching_alias,10183,9062,2256,144,744,1908,0.07306294805067269,0.389937106918239,0.3026612982421683
article-event_score-0.3-leiden,idai_specific,url,339,325,117,4972,75,89,0.22123893805309736,0.8426966292134831,0.3775811209439528
article-event_score-0.3-leiden,idai_specific,canonical_any_matching_alias,281,267,117,4972,47,58,0.16725978647686832,0.8103448275862069,0.3167259786476868
article-url_score-0.3-leiden,crash_grounding,url,29411,26034,800,19,8177,15503,0.27802522865594503,0.5274463007159904,0.4743803338886811
article-url_score-0.3-leiden,crash_grounding,canonical_any_matching_alias,19238,16949,800,19,5486,11167,0.28516477804345564,0.4912689173457509,0.4975569185986069
article-url_score-0.3-leiden,christchurch,url,14239,12621,392,10,3278,14046,0.23021279584240467,0.2333760501210309,0.46049582133576794
article-url_score-0.3-leiden,christchurch,canonical_any_matching_alias,9171,8039,392,10,2094,10609,0.22832842656198887,0.19737958337260816,0.4232908079816814
article-url_score-0.3-leiden,idai,url,2283,1901,63,55,932,4272,0.4082347787998248,0.21816479400749064,0.7323696890056942
article-url_score-0.3-leiden,idai,canonical_any_matching_alias,1467,1317,63,55,638,3097,0.4349011588275392,0.20600581207620278,0.8077709611451943
article-url_score-0.3-leiden,brexit,url,16961,14945,324,38,8406,19399,0.49560757030835445,0.43332130522191864,0.5898237132244561
article-url_score-0.3-leiden,brexit,canonical_any_matching_alias,10183,9062,324,38,4745,13561,0.46597269959736815,0.3499004498193349,0.5594618481783364
article-url_score-0.3-leiden,idai_specific,url,339,325,4,115,304,2983,0.8967551622418879,0.10191082802547771,0.9587020648967551
article-url_score-0.3-leiden,idai_specific,canonical_any_matching_alias,281,267,4,115,264,1969,0.9395017793594306,0.1340782122905028,0.9501779359430605
article-combined-0.15-leiden,crash_grounding,url,29411,26034,297,20,11268,25465,0.38312196117099045,0.4424896917337522,0.6067117745061371
article-combined-0.15-leiden,crash_grounding,canonical_any_matching_alias,19238,16949,297,20,7302,18115,0.3795612849568562,0.403091360750759,0.5948643310115397
article-combined-0.15-leiden,christchurch,url,14239,12621,171,23,6184,20213,0.4343001615281972,0.30594172067481323,0.6532762132172203
article-combined-0.15-leiden,christchurch,canonical_any_matching_alias,9171,8039,171,23,4034,15369,0.43986479118961946,0.26247641355976314,0.629375204448806
article-combined-0.15-leiden,idai,url,2283,1901,52,82,957,4992,0.4191852825229961,0.19170673076923078,0.7529566360052562
article-combined-0.15-leiden,idai,canonical_any_matching_alias,1467,1317,52,82,649,3209,0.44239945466939334,0.20224368962293549,0.8186775732788003
article-combined-0.15-leiden,brexit,url,16961,14945,177,12,10279,23950,0.6060373798714699,0.42918580375782883,0.6737810270620836
article-combined-0.15-leiden,brexit,canonical_any_matching_alias,10183,9062,177,12,5809,16330,0.5704605715408033,0.35572565829761177,0.6452911715604439
article-combined-0.15-leiden,idai_specific,url,339,325,3,140,310,1065,0.9144542772861357,0.29107981220657275,0.9587020648967551
article-combined-0.15-leiden,idai_specific,canonical_any_matching_alias,281,267,3,140,254,886,0.9039145907473309,0.2866817155756208,0.9501779359430605
article-combined-0.3-leiden,crash_grounding,url,29411,26034,2497,12,4408,5696,0.14987589677331611,0.773876404494382,0.4185508823229404
article-combined-0.3-leiden,crash_grounding,canonical_any_matching_alias,19238,16949,2497,12,2857,3740,0.14850816093148975,0.763903743315508,0.4122569913712444
article-combined-0.3-leiden,christchurch,url,14239,12621,1539,34,3926,6854,0.2757216096636,0.5728042019258827,0.48971135613456
article-combined-0.3-leiden,christchurch,canonical_any_matching_alias,9171,8039,1539,34,2307,4518,0.2515538109257442,0.5106241699867198,0.438556318831098
article-combined-0.3-leiden,idai,url,2283,1901,191,234,483,513,0.21156373193166886,0.9415204678362573,0.604029785370127
article-combined-0.3-leiden,idai,canonical_any_matching_alias,1467,1317,191,234,355,379,0.2419904567143831,0.9366754617414248,0.6632583503749148
article-combined-0.3-leiden,brexit,url,16961,14945,2171,97,5023,6819,0.29614999115618185,0.7366182724739698,0.4357644006839219
article-combined-0.3-leiden,brexit,canonical_any_matching_alias,10183,9062,2171,97,2825,3992,0.2774231562407935,0.7076653306613226,0.38456250613768045
article-combined-0.3-leiden,idai_specific,url,339,325,33,234,259,513,0.7640117994100295,0.5048732943469786,0.8702064896755162
article-combined-0.3-leiden,idai_specific,canonical_any_matching_alias,281,267,33,234,206,379,0.7330960854092526,0.5435356200527705,0.8505338078291815
article-combined-0.45-leiden,crash_grounding,url,29411,26034,5017,26,1977,2361,0.06721974771344055,0.8373570520965693,0.194281051307334
article-combined-0.45-leiden,crash_grounding,canonical_any_matching_alias,19238,16949,5017,26,1426,1660,0.0741241293273729,0.8590361445783132,0.1915999584156357
article-combined-0.45-leiden,christchurch,url,14239,12621,3065,27,1573,1895,0.11047124095793244,0.8300791556728232,0.3010745136596671
article-combined-0.45-leiden,christchurch,canonical_any_matching_alias,9171,8039,3065,27,852,1050,0.09290153745502126,0.8114285714285714,0.2260385999345764
article-combined-0.45-leiden,idai,url,2283,1901,328,50585,342,342,0.1498028909329829,1.0,0.33289531318440646
article-combined-0.45-leiden,idai,canonical_any_matching_alias,1467,1317,328,50585,342,342,0.2331288343558282,1.0,0.4076346284935242
article-combined-0.45-leiden,brexit,url,16961,14945,3907,95,1409,1694,0.08307293202051766,0.8317591499409681,0.16773775131183302
article-combined-0.45-leiden,brexit,canonical_any_matching_alias,10183,9062,3907,95,667,836,0.06550132573897673,0.7978468899521531,0.15879406854561523
article-combined-0.45-leiden,idai_specific,url,339,325,94,1350,96,754,0.2831858407079646,0.1273209549071618,0.5545722713864307
article-combined-0.45-leiden,idai_specific,canonical_any_matching_alias,281,267,94,1350,67,611,0.23843416370106763,0.10965630114566285,0.505338078291815
article-combined-0.3-louvain,crash_grounding,url,29411,26034,2518,11,6357,8318,0.21614361973411308,0.7642462130319788,0.4286831457617898
article-combined-0.3-louvain,crash_grounding,canonical_any_matching_alias,19238,16949,2518,11,4036,5395,0.2097931177877118,0.7481000926784059,0.409657968603805
article-combined-0.3-louvain,christchurch,url,14239,12621,1538,28,3524,5753,0.2474892899782288,0.612549973926647,0.48493573986937283
article-combined-0.3-louvain,christchurch,canonical_any_matching_alias,9171,8039,1538,28,2203,3967,0.24021371715189183,0.5553314847491807,0.44346309017555335
article-combined-0.3-louvain,idai,url,2283,1901,191,209,491,523,0.21506789312308366,0.9388145315487572,0.5869469995619798
article-combined-0.3-louvain,idai,canonical_any_matching_alias,1467,1317,191,209,363,389,0.2474437627811861,0.9331619537275064,0.6448534423994546
article-combined-0.3-louvain,brexit,url,16961,14945,2174,81,4817,6802,0.28400448086787333,0.7081740664510439,0.4046341607216556
article-combined-0.3-louvain,brexit,canonical_any_matching_alias,10183,9062,2174,81,2706,3982,0.26573701266817246,0.6795580110497238,0.361484827653933
article-combined-0.3-louvain,idai_specific,url,339,325,34,209,267,523,0.7876106194690266,0.5105162523900574,0.8672566371681416
article-combined-0.3-louvain,idai_specific,canonical_any_matching_alias,281,267,34,209,214,389,0.7615658362989324,0.5501285347043702,0.8469750889679716
article-combined-0.3-components,crash_grounding,url,29411,26034,2258,0,21234,337292,0.721974771344055,0.06295435409081745,0.7424773044099147
article-combined-0.3-components,crash_grounding,canonical_any_matching_alias,19238,16949,2258,0,13221,239185,0.6872336001663375,0.05527520538495307,0.7092213327788751
article-combined-0.3-components,christchurch,url,14239,12621,1401,0,10036,337292,0.7048247770208582,0.029754633967007817,0.7261043612613245
article-combined-0.3-components,christchurch,canonical_any_matching_alias,9171,8039,1401,0,6004,239185,0.6546723367135536,0.025101908564500282,0.6667757060298768
article-combined-0.3-components,idai,url,2283,1901,168,0,1102,337292,0.4826982041173894,0.0032671987476726397,0.6793692509855453
article-combined-0.3-components,idai,canonical_any_matching_alias,1467,1317,168,0,688,239185,0.46898432174505794,0.00287643455902335,0.7321063394683026
article-combined-0.3-components,brexit,url,16961,14945,2026,0,10601,337292,0.6250221095454277,0.03142974040297428,0.6542067095100524
article-combined-0.3-components,brexit,canonical_any_matching_alias,10183,9062,2026,0,5899,239185,0.5792988313856428,0.024662917825114452,0.5993322203672788
article-combined-0.3-components,idai_specific,url,339,325,29,0,290,337292,0.855457227138643,0.0008597891441243789,0.887905604719764
article-combined-0.3-components,idai_specific,canonical_any_matching_alias,281,267,29,0,233,239185,0.8291814946619217,0.0009741413550180822,0.8647686832740213
